Программа;Папка;Тренировка;Упражнение;Вес, кг;Повторения;Подходы;Время, мин;Отдых, мин;Разминка;Заметки
Верх / Низ · 6 недель;Неделя 1 · Втягивание;День 1 · Верх · Сила;Жим лежа;20;10;1;;1,5;да;
Верх / Низ · 6 недель;Неделя 1 · Втягивание;День 1 · Верх · Сила;Жим лежа;40;8;1;;1,5;да;
Верх / Низ · 6 недель;Неделя 1 · Втягивание;День 1 · Верх · Сила;Жим лежа;55;4;1;;2;да;
Верх / Низ · 6 недель;Неделя 1 · Втягивание;День 1 · Верх · Сила;Жим лежа;70;6;4;;3;;70% · запас 2–3
Верх / Низ · 6 недель;Неделя 1 · Втягивание;День 1 · Верх · Сила;Жим под углом;60;6;3;;3;;6–8 повт · Штанга или гантели — не меняй внутри цикла
Верх / Низ · 6 недель;Неделя 1 · Втягивание;День 1 · Верх · Сила;Подтягивания;;5;1;;2;да;свой вес
Верх / Низ · 6 недель;Неделя 1 · Втягивание;День 1 · Верх · Сила;Подтягивания;10;5;4;;3;;"5–8 повт · доп. вес · Старт 0 = без веса; 8 в посл. подходе → +2,5 кг"
Верх / Низ · 6 недель;Неделя 1 · Втягивание;День 1 · Верх · Сила;Бабочка;35;10;3;;2;;10–15 повт
Верх / Низ · 6 недель;Неделя 1 · Втягивание;День 1 · Верх · Сила;Бицепс;25;10;1;;2;да;
Верх / Низ · 6 недель;Неделя 1 · Втягивание;День 1 · Верх · Сила;Бицепс;45;5;4;;2,5;;5–8 повт · Тяжёлый: штанга или EZ-гриф
Верх / Низ · 6 недель;Неделя 1 · Втягивание;День 2 · Низ · Сила;Присед;20;10;1;;1,5;да;
Верх / Низ · 6 недель;Неделя 1 · Втягивание;День 2 · Низ · Сила;Присед;30;8;1;;1,5;да;
Верх / Низ · 6 недель;Неделя 1 · Втягивание;День 2 · Низ · Сила;Присед;42,5;4;1;;2;да;
Верх / Низ · 6 недель;Неделя 1 · Втягивание;День 2 · Низ · Сила;Присед;52,5;6;4;;3;;70% · запас 2–3
Верх / Низ · 6 недель;Неделя 1 · Втягивание;День 2 · Низ · Сила;Румынская тяга;40;8;1;;2;да;
Верх / Низ · 6 недель;Неделя 1 · Втягивание;День 2 · Низ · Сила;Румынская тяга;70;6;3;;3;;6–8 повт · Спина прямая, до середины голени
Верх / Низ · 6 недель;Неделя 1 · Втягивание;День 2 · Низ · Сила;Сгибание ног;35;10;3;;2;;10–12 повт
Верх / Низ · 6 недель;Неделя 1 · Втягивание;День 2 · Низ · Сила;Икры;60;10;3;;2;;10–15 повт
Верх / Низ · 6 недель;Неделя 1 · Втягивание;День 2 · Низ · Сила;Махи;12,5;12;4;;2;;12–20 повт
Верх / Низ · 6 недель;Неделя 1 · Втягивание;День 3 · Верх · Масса;Пробежка;;;;15;;;Разминка, лёгкий темп
Верх / Низ · 6 недель;Неделя 1 · Втягивание;День 3 · Верх · Масса;Жим под углом;30;10;1;;1,5;да;
Верх / Низ · 6 недель;Неделя 1 · Втягивание;День 3 · Верх · Масса;Жим под углом;45;5;1;;2;да;
Верх / Низ · 6 недель;Неделя 1 · Втягивание;День 3 · Верх · Масса;Жим под углом;60;8;4;;2,5;;8–12 повт
Верх / Низ · 6 недель;Неделя 1 · Втягивание;День 3 · Верх · Масса;Тяга в тренажёре;30;12;1;;2;да;
Верх / Низ · 6 недель;Неделя 1 · Втягивание;День 3 · Верх · Масса;Тяга в тренажёре;55;10;3;;2,5;;"10–12 повт · Горизонтальная; можно верхний блок"
Верх / Низ · 6 недель;Неделя 1 · Втягивание;День 3 · Верх · Масса;Махи;12,5;12;4;;2;;12–20 повт
Верх / Низ · 6 недель;Неделя 1 · Втягивание;День 3 · Верх · Масса;Бицепс;35;10;5;;0;;10–15 повт · Суперсет: сразу после — трицепс, без отдыха
Верх / Низ · 6 недель;Неделя 1 · Втягивание;День 3 · Верх · Масса;Трицепс;25;10;5;;2;;10–15 повт · Суперсет с бицепсом: отдых 2 мин после пары
Верх / Низ · 6 недель;Неделя 1 · Втягивание;День 4 · Низ · Масса;Жим ногами;60;10;1;;1,5;да;
Верх / Низ · 6 недель;Неделя 1 · Втягивание;День 4 · Низ · Масса;Жим ногами;100;8;1;;2;да;
Верх / Низ · 6 недель;Неделя 1 · Втягивание;День 4 · Низ · Масса;Жим ногами;150;10;4;;3;;10–12 повт
Верх / Низ · 6 недель;Неделя 1 · Втягивание;День 4 · Низ · Масса;Разгибание ног;35;12;3;;2;;12–15 повт
Верх / Низ · 6 недель;Неделя 1 · Втягивание;День 4 · Низ · Масса;Гиперэкстензия;10;12;3;;2;;12–15 повт · Без веса или 10–15 кг
Верх / Низ · 6 недель;Неделя 1 · Втягивание;День 4 · Низ · Масса;Икры;60;12;3;;2;;12–15 повт
Верх / Низ · 6 недель;Неделя 1 · Втягивание;День 4 · Низ · Масса;Велосипед;;;;20;;;После силовой, средний темп
Верх / Низ · 6 недель;Неделя 2 · Объём;День 1 · Верх · Сила;Жим лежа;20;10;1;;1,5;да;
Верх / Низ · 6 недель;Неделя 2 · Объём;День 1 · Верх · Сила;Жим лежа;40;8;1;;1,5;да;
Верх / Низ · 6 недель;Неделя 2 · Объём;День 1 · Верх · Сила;Жим лежа;55;4;1;;2;да;
Верх / Низ · 6 недель;Неделя 2 · Объём;День 1 · Верх · Сила;Жим лежа;75;5;4;;3;;75% · запас 2–3
Верх / Низ · 6 недель;Неделя 2 · Объём;День 1 · Верх · Сила;Жим под углом;60;6;3;;3;;6–8 повт · Штанга или гантели — не меняй внутри цикла
Верх / Низ · 6 недель;Неделя 2 · Объём;День 1 · Верх · Сила;Подтягивания;;5;1;;2;да;свой вес
Верх / Низ · 6 недель;Неделя 2 · Объём;День 1 · Верх · Сила;Подтягивания;10;5;4;;3;;"5–8 повт · доп. вес · Старт 0 = без веса; 8 в посл. подходе → +2,5 кг"
Верх / Низ · 6 недель;Неделя 2 · Объём;День 1 · Верх · Сила;Бабочка;35;10;3;;2;;10–15 повт
Верх / Низ · 6 недель;Неделя 2 · Объём;День 1 · Верх · Сила;Бицепс;25;10;1;;2;да;
Верх / Низ · 6 недель;Неделя 2 · Объём;День 1 · Верх · Сила;Бицепс;45;5;4;;2,5;;5–8 повт · Тяжёлый: штанга или EZ-гриф
Верх / Низ · 6 недель;Неделя 2 · Объём;День 2 · Низ · Сила;Присед;20;10;1;;1,5;да;
Верх / Низ · 6 недель;Неделя 2 · Объём;День 2 · Низ · Сила;Присед;30;8;1;;1,5;да;
Верх / Низ · 6 недель;Неделя 2 · Объём;День 2 · Низ · Сила;Присед;42,5;4;1;;2;да;
Верх / Низ · 6 недель;Неделя 2 · Объём;День 2 · Низ · Сила;Присед;57,5;5;4;;3;;75% · запас 2–3
Верх / Низ · 6 недель;Неделя 2 · Объём;День 2 · Низ · Сила;Румынская тяга;40;8;1;;2;да;
Верх / Низ · 6 недель;Неделя 2 · Объём;День 2 · Низ · Сила;Румынская тяга;70;6;3;;3;;6–8 повт · Спина прямая, до середины голени
Верх / Низ · 6 недель;Неделя 2 · Объём;День 2 · Низ · Сила;Сгибание ног;35;10;3;;2;;10–12 повт
Верх / Низ · 6 недель;Неделя 2 · Объём;День 2 · Низ · Сила;Икры;60;10;3;;2;;10–15 повт
Верх / Низ · 6 недель;Неделя 2 · Объём;День 2 · Низ · Сила;Махи;12,5;12;4;;2;;12–20 повт
Верх / Низ · 6 недель;Неделя 2 · Объём;День 3 · Верх · Масса;Пробежка;;;;15;;;Разминка, лёгкий темп
Верх / Низ · 6 недель;Неделя 2 · Объём;День 3 · Верх · Масса;Жим под углом;30;10;1;;1,5;да;
Верх / Низ · 6 недель;Неделя 2 · Объём;День 3 · Верх · Масса;Жим под углом;45;5;1;;2;да;
Верх / Низ · 6 недель;Неделя 2 · Объём;День 3 · Верх · Масса;Жим под углом;60;8;4;;2,5;;8–12 повт
Верх / Низ · 6 недель;Неделя 2 · Объём;День 3 · Верх · Масса;Тяга в тренажёре;30;12;1;;2;да;
Верх / Низ · 6 недель;Неделя 2 · Объём;День 3 · Верх · Масса;Тяга в тренажёре;55;10;3;;2,5;;"10–12 повт · Горизонтальная; можно верхний блок"
Верх / Низ · 6 недель;Неделя 2 · Объём;День 3 · Верх · Масса;Махи;12,5;12;4;;2;;12–20 повт
Верх / Низ · 6 недель;Неделя 2 · Объём;День 3 · Верх · Масса;Бицепс;35;10;5;;0;;10–15 повт · Суперсет: сразу после — трицепс, без отдыха
Верх / Низ · 6 недель;Неделя 2 · Объём;День 3 · Верх · Масса;Трицепс;25;10;5;;2;;10–15 повт · Суперсет с бицепсом: отдых 2 мин после пары
Верх / Низ · 6 недель;Неделя 2 · Объём;День 4 · Низ · Масса;Жим ногами;60;10;1;;1,5;да;
Верх / Низ · 6 недель;Неделя 2 · Объём;День 4 · Низ · Масса;Жим ногами;100;8;1;;2;да;
Верх / Низ · 6 недель;Неделя 2 · Объём;День 4 · Низ · Масса;Жим ногами;150;10;4;;3;;10–12 повт
Верх / Низ · 6 недель;Неделя 2 · Объём;День 4 · Низ · Масса;Разгибание ног;35;12;3;;2;;12–15 повт
Верх / Низ · 6 недель;Неделя 2 · Объём;День 4 · Низ · Масса;Гиперэкстензия;10;12;3;;2;;12–15 повт · Без веса или 10–15 кг
Верх / Низ · 6 недель;Неделя 2 · Объём;День 4 · Низ · Масса;Икры;60;12;3;;2;;12–15 повт
Верх / Низ · 6 недель;Неделя 2 · Объём;День 4 · Низ · Масса;Велосипед;;;;20;;;После силовой, средний темп
Верх / Низ · 6 недель;Неделя 3 · Средняя;День 1 · Верх · Сила;Жим лежа;20;10;1;;1,5;да;
Верх / Низ · 6 недель;Неделя 3 · Средняя;День 1 · Верх · Сила;Жим лежа;40;8;1;;1,5;да;
Верх / Низ · 6 недель;Неделя 3 · Средняя;День 1 · Верх · Сила;Жим лежа;60;4;1;;1,5;да;
Верх / Низ · 6 недель;Неделя 3 · Средняя;День 1 · Верх · Сила;Жим лежа;75;2;1;;2;да;
Верх / Низ · 6 недель;Неделя 3 · Средняя;День 1 · Верх · Сила;Жим лежа;80;4;4;;4;;80% · запас 1–2
Верх / Низ · 6 недель;Неделя 3 · Средняя;День 1 · Верх · Сила;Жим под углом;60;6;3;;3;;6–8 повт · Штанга или гантели — не меняй внутри цикла
Верх / Низ · 6 недель;Неделя 3 · Средняя;День 1 · Верх · Сила;Подтягивания;;5;1;;2;да;свой вес
Верх / Низ · 6 недель;Неделя 3 · Средняя;День 1 · Верх · Сила;Подтягивания;10;5;4;;3;;"5–8 повт · доп. вес · Старт 0 = без веса; 8 в посл. подходе → +2,5 кг"
Верх / Низ · 6 недель;Неделя 3 · Средняя;День 1 · Верх · Сила;Бабочка;35;10;3;;2;;10–15 повт
Верх / Низ · 6 недель;Неделя 3 · Средняя;День 1 · Верх · Сила;Бицепс;25;10;1;;2;да;
Верх / Низ · 6 недель;Неделя 3 · Средняя;День 1 · Верх · Сила;Бицепс;45;5;4;;2,5;;5–8 повт · Тяжёлый: штанга или EZ-гриф
Верх / Низ · 6 недель;Неделя 3 · Средняя;День 2 · Низ · Сила;Присед;20;10;1;;1,5;да;
Верх / Низ · 6 недель;Неделя 3 · Средняя;День 2 · Низ · Сила;Присед;30;8;1;;1,5;да;
Верх / Низ · 6 недель;Неделя 3 · Средняя;День 2 · Низ · Сила;Присед;45;4;1;;1,5;да;
Верх / Низ · 6 недель;Неделя 3 · Средняя;День 2 · Низ · Сила;Присед;57,5;2;1;;2;да;
Верх / Низ · 6 недель;Неделя 3 · Средняя;День 2 · Низ · Сила;Присед;60;4;4;;4;;80% · запас 1–2
Верх / Низ · 6 недель;Неделя 3 · Средняя;День 2 · Низ · Сила;Румынская тяга;40;8;1;;2;да;
Верх / Низ · 6 недель;Неделя 3 · Средняя;День 2 · Низ · Сила;Румынская тяга;70;6;3;;3;;6–8 повт · Спина прямая, до середины голени
Верх / Низ · 6 недель;Неделя 3 · Средняя;День 2 · Низ · Сила;Сгибание ног;35;10;3;;2;;10–12 повт
Верх / Низ · 6 недель;Неделя 3 · Средняя;День 2 · Низ · Сила;Икры;60;10;3;;2;;10–15 повт
Верх / Низ · 6 недель;Неделя 3 · Средняя;День 2 · Низ · Сила;Махи;12,5;12;4;;2;;12–20 повт
Верх / Низ · 6 недель;Неделя 3 · Средняя;День 3 · Верх · Масса;Пробежка;;;;15;;;Разминка, лёгкий темп
Верх / Низ · 6 недель;Неделя 3 · Средняя;День 3 · Верх · Масса;Жим под углом;30;10;1;;1,5;да;
Верх / Низ · 6 недель;Неделя 3 · Средняя;День 3 · Верх · Масса;Жим под углом;45;5;1;;2;да;
Верх / Низ · 6 недель;Неделя 3 · Средняя;День 3 · Верх · Масса;Жим под углом;60;8;4;;2,5;;8–12 повт
Верх / Низ · 6 недель;Неделя 3 · Средняя;День 3 · Верх · Масса;Тяга в тренажёре;30;12;1;;2;да;
Верх / Низ · 6 недель;Неделя 3 · Средняя;День 3 · Верх · Масса;Тяга в тренажёре;55;10;3;;2,5;;"10–12 повт · Горизонтальная; можно верхний блок"
Верх / Низ · 6 недель;Неделя 3 · Средняя;День 3 · Верх · Масса;Махи;12,5;12;4;;2;;12–20 повт
Верх / Низ · 6 недель;Неделя 3 · Средняя;День 3 · Верх · Масса;Бицепс;35;10;5;;0;;10–15 повт · Суперсет: сразу после — трицепс, без отдыха
Верх / Низ · 6 недель;Неделя 3 · Средняя;День 3 · Верх · Масса;Трицепс;25;10;5;;2;;10–15 повт · Суперсет с бицепсом: отдых 2 мин после пары
Верх / Низ · 6 недель;Неделя 3 · Средняя;День 4 · Низ · Масса;Жим ногами;60;10;1;;1,5;да;
Верх / Низ · 6 недель;Неделя 3 · Средняя;День 4 · Низ · Масса;Жим ногами;100;8;1;;2;да;
Верх / Низ · 6 недель;Неделя 3 · Средняя;День 4 · Низ · Масса;Жим ногами;150;10;4;;3;;10–12 повт
Верх / Низ · 6 недель;Неделя 3 · Средняя;День 4 · Низ · Масса;Разгибание ног;35;12;3;;2;;12–15 повт
Верх / Низ · 6 недель;Неделя 3 · Средняя;День 4 · Низ · Масса;Гиперэкстензия;10;12;3;;2;;12–15 повт · Без веса или 10–15 кг
Верх / Низ · 6 недель;Неделя 3 · Средняя;День 4 · Низ · Масса;Икры;60;12;3;;2;;12–15 повт
Верх / Низ · 6 недель;Неделя 3 · Средняя;День 4 · Низ · Масса;Велосипед;;;;20;;;После силовой, средний темп
Верх / Низ · 6 недель;Неделя 4 · Тяжёлая;День 1 · Верх · Сила;Жим лежа;20;10;1;;1,5;да;
Верх / Низ · 6 недель;Неделя 4 · Тяжёлая;День 1 · Верх · Сила;Жим лежа;40;8;1;;1,5;да;
Верх / Низ · 6 недель;Неделя 4 · Тяжёлая;День 1 · Верх · Сила;Жим лежа;60;4;1;;1,5;да;
Верх / Низ · 6 недель;Неделя 4 · Тяжёлая;День 1 · Верх · Сила;Жим лежа;75;2;1;;2;да;
Верх / Низ · 6 недель;Неделя 4 · Тяжёлая;День 1 · Верх · Сила;Жим лежа;85;3;4;;4;;85% · запас 1–2
Верх / Низ · 6 недель;Неделя 4 · Тяжёлая;День 1 · Верх · Сила;Жим под углом;60;6;3;;3;;6–8 повт · Штанга или гантели — не меняй внутри цикла
Верх / Низ · 6 недель;Неделя 4 · Тяжёлая;День 1 · Верх · Сила;Подтягивания;;5;1;;2;да;свой вес
Верх / Низ · 6 недель;Неделя 4 · Тяжёлая;День 1 · Верх · Сила;Подтягивания;10;5;4;;3;;"5–8 повт · доп. вес · Старт 0 = без веса; 8 в посл. подходе → +2,5 кг"
Верх / Низ · 6 недель;Неделя 4 · Тяжёлая;День 1 · Верх · Сила;Бабочка;35;10;3;;2;;10–15 повт
Верх / Низ · 6 недель;Неделя 4 · Тяжёлая;День 1 · Верх · Сила;Бицепс;25;10;1;;2;да;
Верх / Низ · 6 недель;Неделя 4 · Тяжёлая;День 1 · Верх · Сила;Бицепс;45;5;4;;2,5;;5–8 повт · Тяжёлый: штанга или EZ-гриф
Верх / Низ · 6 недель;Неделя 4 · Тяжёлая;День 2 · Низ · Сила;Присед;20;10;1;;1,5;да;
Верх / Низ · 6 недель;Неделя 4 · Тяжёлая;День 2 · Низ · Сила;Присед;30;8;1;;1,5;да;
Верх / Низ · 6 недель;Неделя 4 · Тяжёлая;День 2 · Низ · Сила;Присед;45;4;1;;1,5;да;
Верх / Низ · 6 недель;Неделя 4 · Тяжёлая;День 2 · Низ · Сила;Присед;57,5;2;1;;2;да;
Верх / Низ · 6 недель;Неделя 4 · Тяжёлая;День 2 · Низ · Сила;Присед;65;3;4;;4;;85% · запас 1–2
Верх / Низ · 6 недель;Неделя 4 · Тяжёлая;День 2 · Низ · Сила;Румынская тяга;40;8;1;;2;да;
Верх / Низ · 6 недель;Неделя 4 · Тяжёлая;День 2 · Низ · Сила;Румынская тяга;70;6;3;;3;;6–8 повт · Спина прямая, до середины голени
Верх / Низ · 6 недель;Неделя 4 · Тяжёлая;День 2 · Низ · Сила;Сгибание ног;35;10;3;;2;;10–12 повт
Верх / Низ · 6 недель;Неделя 4 · Тяжёлая;День 2 · Низ · Сила;Икры;60;10;3;;2;;10–15 повт
Верх / Низ · 6 недель;Неделя 4 · Тяжёлая;День 2 · Низ · Сила;Махи;12,5;12;4;;2;;12–20 повт
Верх / Низ · 6 недель;Неделя 4 · Тяжёлая;День 3 · Верх · Масса;Пробежка;;;;15;;;Разминка, лёгкий темп
Верх / Низ · 6 недель;Неделя 4 · Тяжёлая;День 3 · Верх · Масса;Жим под углом;30;10;1;;1,5;да;
Верх / Низ · 6 недель;Неделя 4 · Тяжёлая;День 3 · Верх · Масса;Жим под углом;45;5;1;;2;да;
Верх / Низ · 6 недель;Неделя 4 · Тяжёлая;День 3 · Верх · Масса;Жим под углом;60;8;4;;2,5;;8–12 повт
Верх / Низ · 6 недель;Неделя 4 · Тяжёлая;День 3 · Верх · Масса;Тяга в тренажёре;30;12;1;;2;да;
Верх / Низ · 6 недель;Неделя 4 · Тяжёлая;День 3 · Верх · Масса;Тяга в тренажёре;55;10;3;;2,5;;"10–12 повт · Горизонтальная; можно верхний блок"
Верх / Низ · 6 недель;Неделя 4 · Тяжёлая;День 3 · Верх · Масса;Махи;12,5;12;4;;2;;12–20 повт
Верх / Низ · 6 недель;Неделя 4 · Тяжёлая;День 3 · Верх · Масса;Бицепс;35;10;5;;0;;10–15 повт · Суперсет: сразу после — трицепс, без отдыха
Верх / Низ · 6 недель;Неделя 4 · Тяжёлая;День 3 · Верх · Масса;Трицепс;25;10;5;;2;;10–15 повт · Суперсет с бицепсом: отдых 2 мин после пары
Верх / Низ · 6 недель;Неделя 4 · Тяжёлая;День 4 · Низ · Масса;Жим ногами;60;10;1;;1,5;да;
Верх / Низ · 6 недель;Неделя 4 · Тяжёлая;День 4 · Низ · Масса;Жим ногами;100;8;1;;2;да;
Верх / Низ · 6 недель;Неделя 4 · Тяжёлая;День 4 · Низ · Масса;Жим ногами;150;10;4;;3;;10–12 повт
Верх / Низ · 6 недель;Неделя 4 · Тяжёлая;День 4 · Низ · Масса;Разгибание ног;35;12;3;;2;;12–15 повт
Верх / Низ · 6 недель;Неделя 4 · Тяжёлая;День 4 · Низ · Масса;Гиперэкстензия;10;12;3;;2;;12–15 повт · Без веса или 10–15 кг
Верх / Низ · 6 недель;Неделя 4 · Тяжёлая;День 4 · Низ · Масса;Икры;60;12;3;;2;;12–15 повт
Верх / Низ · 6 недель;Неделя 4 · Тяжёлая;День 4 · Низ · Масса;Велосипед;;;;20;;;После силовой, средний темп
Верх / Низ · 6 недель;Неделя 5 · Тест;День 1 · Верх · Сила;Жим лежа;20;10;1;;1,5;да;
Верх / Низ · 6 недель;Неделя 5 · Тест;День 1 · Верх · Сила;Жим лежа;40;8;1;;1,5;да;
Верх / Низ · 6 недель;Неделя 5 · Тест;День 1 · Верх · Сила;Жим лежа;60;4;1;;1,5;да;
Верх / Низ · 6 недель;Неделя 5 · Тест;День 1 · Верх · Сила;Жим лежа;75;2;1;;2;да;
Верх / Низ · 6 недель;Неделя 5 · Тест;День 1 · Верх · Сила;Жим лежа;87,5;2;3;;5;;87,5% · запас 1–2
Верх / Низ · 6 недель;Неделя 5 · Тест;День 1 · Верх · Сила;Жим лежа;87,5;;1;;5;;Подход на максимум повторов, оставь 1 в запасе
Верх / Низ · 6 недель;Неделя 5 · Тест;День 1 · Верх · Сила;Жим под углом;60;6;3;;3;;6–8 повт · Штанга или гантели — не меняй внутри цикла
Верх / Низ · 6 недель;Неделя 5 · Тест;День 1 · Верх · Сила;Подтягивания;;5;1;;2;да;свой вес
Верх / Низ · 6 недель;Неделя 5 · Тест;День 1 · Верх · Сила;Подтягивания;10;5;4;;3;;"5–8 повт · доп. вес · Старт 0 = без веса; 8 в посл. подходе → +2,5 кг"
Верх / Низ · 6 недель;Неделя 5 · Тест;День 1 · Верх · Сила;Бабочка;35;10;3;;2;;10–15 повт
Верх / Низ · 6 недель;Неделя 5 · Тест;День 1 · Верх · Сила;Бицепс;25;10;1;;2;да;
Верх / Низ · 6 недель;Неделя 5 · Тест;День 1 · Верх · Сила;Бицепс;45;5;4;;2,5;;5–8 повт · Тяжёлый: штанга или EZ-гриф
Верх / Низ · 6 недель;Неделя 5 · Тест;День 2 · Низ · Сила;Присед;20;10;1;;1,5;да;
Верх / Низ · 6 недель;Неделя 5 · Тест;День 2 · Низ · Сила;Присед;30;8;1;;1,5;да;
Верх / Низ · 6 недель;Неделя 5 · Тест;День 2 · Низ · Сила;Присед;45;4;1;;1,5;да;
Верх / Низ · 6 недель;Неделя 5 · Тест;День 2 · Низ · Сила;Присед;57,5;2;1;;2;да;
Верх / Низ · 6 недель;Неделя 5 · Тест;День 2 · Низ · Сила;Присед;65;2;3;;5;;87,5% · запас 1–2
Верх / Низ · 6 недель;Неделя 5 · Тест;День 2 · Низ · Сила;Присед;65;;1;;5;;Подход на максимум повторов, оставь 1 в запасе
Верх / Низ · 6 недель;Неделя 5 · Тест;День 2 · Низ · Сила;Румынская тяга;40;8;1;;2;да;
Верх / Низ · 6 недель;Неделя 5 · Тест;День 2 · Низ · Сила;Румынская тяга;70;6;3;;3;;6–8 повт · Спина прямая, до середины голени
Верх / Низ · 6 недель;Неделя 5 · Тест;День 2 · Низ · Сила;Сгибание ног;35;10;3;;2;;10–12 повт
Верх / Низ · 6 недель;Неделя 5 · Тест;День 2 · Низ · Сила;Икры;60;10;3;;2;;10–15 повт
Верх / Низ · 6 недель;Неделя 5 · Тест;День 2 · Низ · Сила;Махи;12,5;12;4;;2;;12–20 повт
Верх / Низ · 6 недель;Неделя 5 · Тест;День 3 · Верх · Масса;Пробежка;;;;15;;;Разминка, лёгкий темп
Верх / Низ · 6 недель;Неделя 5 · Тест;День 3 · Верх · Масса;Жим под углом;30;10;1;;1,5;да;
Верх / Низ · 6 недель;Неделя 5 · Тест;День 3 · Верх · Масса;Жим под углом;45;5;1;;2;да;
Верх / Низ · 6 недель;Неделя 5 · Тест;День 3 · Верх · Масса;Жим под углом;60;8;4;;2,5;;8–12 повт
Верх / Низ · 6 недель;Неделя 5 · Тест;День 3 · Верх · Масса;Тяга в тренажёре;30;12;1;;2;да;
Верх / Низ · 6 недель;Неделя 5 · Тест;День 3 · Верх · Масса;Тяга в тренажёре;55;10;3;;2,5;;"10–12 повт · Горизонтальная; можно верхний блок"
Верх / Низ · 6 недель;Неделя 5 · Тест;День 3 · Верх · Масса;Махи;12,5;12;4;;2;;12–20 повт
Верх / Низ · 6 недель;Неделя 5 · Тест;День 3 · Верх · Масса;Бицепс;35;10;5;;0;;10–15 повт · Суперсет: сразу после — трицепс, без отдыха
Верх / Низ · 6 недель;Неделя 5 · Тест;День 3 · Верх · Масса;Трицепс;25;10;5;;2;;10–15 повт · Суперсет с бицепсом: отдых 2 мин после пары
Верх / Низ · 6 недель;Неделя 5 · Тест;День 4 · Низ · Масса;Жим ногами;60;10;1;;1,5;да;
Верх / Низ · 6 недель;Неделя 5 · Тест;День 4 · Низ · Масса;Жим ногами;100;8;1;;2;да;
Верх / Низ · 6 недель;Неделя 5 · Тест;День 4 · Низ · Масса;Жим ногами;150;10;4;;3;;10–12 повт
Верх / Низ · 6 недель;Неделя 5 · Тест;День 4 · Низ · Масса;Разгибание ног;35;12;3;;2;;12–15 повт
Верх / Низ · 6 недель;Неделя 5 · Тест;День 4 · Низ · Масса;Гиперэкстензия;10;12;3;;2;;12–15 повт · Без веса или 10–15 кг
Верх / Низ · 6 недель;Неделя 5 · Тест;День 4 · Низ · Масса;Икры;60;12;3;;2;;12–15 повт
Верх / Низ · 6 недель;Неделя 5 · Тест;День 4 · Низ · Масса;Велосипед;;;;20;;;После силовой, средний темп
Верх / Низ · 6 недель;Неделя 6 · Разгрузка;День 1 · Верх · Сила;Жим лежа;20;10;1;;1,5;да;
Верх / Низ · 6 недель;Неделя 6 · Разгрузка;День 1 · Верх · Сила;Жим лежа;40;8;1;;2;да;
Верх / Низ · 6 недель;Неделя 6 · Разгрузка;День 1 · Верх · Сила;Жим лежа;60;5;3;;2,5;;60% · запас 4+
Верх / Низ · 6 недель;Неделя 6 · Разгрузка;День 1 · Верх · Сила;Жим под углом;50;6;2;;2;;Штанга или гантели — не меняй внутри цикла
Верх / Низ · 6 недель;Неделя 6 · Разгрузка;День 1 · Верх · Сила;Подтягивания;7,5;5;2;;2;;"доп. вес · Старт 0 = без веса; 8 в посл. подходе → +2,5 кг"
Верх / Низ · 6 недель;Неделя 6 · Разгрузка;День 1 · Верх · Сила;Бабочка;30;10;2;;2;;
Верх / Низ · 6 недель;Неделя 6 · Разгрузка;День 1 · Верх · Сила;Бицепс;37,5;5;2;;2;;Тяжёлый: штанга или EZ-гриф
Верх / Низ · 6 недель;Неделя 6 · Разгрузка;День 2 · Низ · Сила;Присед;20;10;1;;1,5;да;
Верх / Низ · 6 недель;Неделя 6 · Разгрузка;День 2 · Низ · Сила;Присед;30;8;1;;2;да;
Верх / Низ · 6 недель;Неделя 6 · Разгрузка;День 2 · Низ · Сила;Присед;45;5;3;;2,5;;60% · запас 4+
Верх / Низ · 6 недель;Неделя 6 · Разгрузка;День 2 · Низ · Сила;Румынская тяга;60;6;2;;2;;Спина прямая, до середины голени
Верх / Низ · 6 недель;Неделя 6 · Разгрузка;День 2 · Низ · Сила;Сгибание ног;30;10;2;;2;;
Верх / Низ · 6 недель;Неделя 6 · Разгрузка;День 2 · Низ · Сила;Икры;50;10;2;;2;;
Верх / Низ · 6 недель;Неделя 6 · Разгрузка;День 2 · Низ · Сила;Махи;11;12;2;;2;;
Верх / Низ · 6 недель;Неделя 6 · Разгрузка;День 3 · Верх · Масса;Пробежка;;;;15;;;Разминка, лёгкий темп
Верх / Низ · 6 недель;Неделя 6 · Разгрузка;День 3 · Верх · Масса;Жим под углом;30;10;1;;2;да;
Верх / Низ · 6 недель;Неделя 6 · Разгрузка;День 3 · Верх · Масса;Жим под углом;50;8;2;;2;;
Верх / Низ · 6 недель;Неделя 6 · Разгрузка;День 3 · Верх · Масса;Тяга в тренажёре;47,5;10;2;;2;;"Горизонтальная; можно верхний блок"
Верх / Низ · 6 недель;Неделя 6 · Разгрузка;День 3 · Верх · Масса;Махи;11;12;2;;2;;
Верх / Низ · 6 недель;Неделя 6 · Разгрузка;День 3 · Верх · Масса;Бицепс;30;10;3;;0;;Суперсет: сразу после — трицепс, без отдыха
Верх / Низ · 6 недель;Неделя 6 · Разгрузка;День 3 · Верх · Масса;Трицепс;22,5;10;3;;2;;Суперсет с бицепсом: отдых 2 мин после пары
Верх / Низ · 6 недель;Неделя 6 · Разгрузка;День 4 · Низ · Масса;Жим ногами;60;10;1;;2;да;
Верх / Низ · 6 недель;Неделя 6 · Разгрузка;День 4 · Низ · Масса;Жим ногами;130;10;2;;2;;
Верх / Низ · 6 недель;Неделя 6 · Разгрузка;День 4 · Низ · Масса;Разгибание ног;30;12;2;;2;;
Верх / Низ · 6 недель;Неделя 6 · Разгрузка;День 4 · Низ · Масса;Гиперэкстензия;7,5;12;2;;2;;Без веса или 10–15 кг
Верх / Низ · 6 недель;Неделя 6 · Разгрузка;День 4 · Низ · Масса;Икры;50;12;2;;2;;
Верх / Низ · 6 недель;Неделя 6 · Разгрузка;День 4 · Низ · Масса;Велосипед;;;;20;;;После силовой, средний темп
